alpha	T_K	dalpha_dT	inv_T	y_n1	y_n2	y_n3	y_n0.7
0.0045	341.15394	0.0015	0.002931228055	-6.497780015	-6.49326986	-6.488759704	-6.499133062
0.01451	352.56785	0.00259	0.002836333489	-5.941481104	-5.926864804	-5.912248505	-5.945865994
0.02452	357.27902	0.00349	0.00279893289	-5.633027921	-5.6082023	-5.583376678	-5.640475608
0.03453	360.55205	0.00435	0.002773524655	-5.402439184	-5.367298935	-5.332158685	-5.412981259
0.04454	363.09976	0.00516	0.002754064062	-5.22125632	-5.175693941	-5.130131562	-5.234925034
0.05455	365.20186	0.00596	0.002738211684	-5.066590524	-5.010496249	-4.954401975	-5.083418806
0.06456	367.0004	0.00673	0.002724792671	-4.934441863	-4.867703591	-4.800965319	-4.954463345
0.07457	368.57785	0.00748	0.002713131025	-4.818025702	-4.740528918	-4.663032133	-4.841274738
0.08458	369.98642	0.00821	0.002702801903	-4.714030053	-4.62565775	-4.537285448	-4.740541744
0.09459	371.26153	0.00893	0.00269351904	-4.618971485	-4.519604086	-4.420236686	-4.648781705
0.1046	372.42849	0.00964	0.002685079222	-4.531349437	-4.420864704	-4.310379971	-4.564494857
0.11461	373.50607	0.01033	0.00267733266	-4.450975943	-4.32924889	-4.207521837	-4.487494059
0.12462	374.50846	0.01101	0.00267016665	-4.375854127	-4.242756926	-4.109659725	-4.415783287
0.13463	375.44655	0.01167	0.002663494977	-4.306135715	-4.161537597	-4.016939479	-4.34951515
0.14464	376.32908	0.01232	0.00265724881	-4.240298475	-4.084065629	-3.927832783	-4.287168329
0.15465	377.16322	0.01296	0.002651371998	-4.177883052	-4.009878516	-3.841873979	-4.228284413
0.16466	377.95484	0.01359	0.002645818744	-4.118504599	-3.938588148	-3.758671697	-4.172479535
0.17467	378.70869	0.0142	0.00264055203	-4.062541342	-3.870569369	-3.678597396	-4.120132934
0.18468	379.42896	0.01481	0.00263553947	-4.008278046	-3.804103441	-3.599928836	-4.069530427
0.19469	380.11899	0.0154	0.002630755175	-3.956859787	-3.740331805	-3.523803822	-4.021818182
0.2047	380.78172	0.01598	0.002626176488	-3.907381462	-3.678345585	-3.449309708	-3.976092225
0.21471	381.41973	0.01654	0.002621783619	-3.860271387	-3.618569184	-3.376866981	-3.932782048
0.22472	382.03525	0.0171	0.002617559505	-3.814145791	-3.559614766	-3.305083742	-3.890505098
0.23473	382.63023	0.01764	0.002613489269	-3.770059662	-3.502533096	-3.23500653	-3.850317632
0.24474	383.20639	0.01817	0.002609559825	-3.727290178	-3.44659696	-3.165903742	-3.811498144
0.25475	383.76526	0.01869	0.002605759573	-3.685731111	-3.391695565	-3.097660018	-3.773941775
0.26476	384.30824	0.0192	0.002602077957	-3.645286697	-3.337728395	-3.030170093	-3.737554188
0.27477	384.83651	0.01969	0.002598506051	-3.606377953	-3.28511152	-2.963845087	-3.702757883
0.28478	385.35116	0.02018	0.002595035655	-3.567898173	-3.232733081	-2.89756799	-3.6684477
0.29479	385.85321	0.02065	0.002591659144	-3.530780311	-3.181520663	-2.832261015	-3.635558206
0.3048	386.34355	0.0211	0.002588369859	-3.494926533	-3.131370828	-2.767815123	-3.603993245
0.31481	386.82299	0.02155	0.002585161756	-3.459320356	-3.081261249	-2.703202142	-3.572738088
0.32482	387.29228	0.02198	0.002582029262	-3.424846373	-3.032070416	-2.639294459	-3.54267916
0.33483	387.75212	0.0224	0.002578967202	-3.390981688	-2.983269056	-2.575556424	-3.513295478
0.34484	388.20317	0.02281	0.002575970722	-3.357680444	-2.934804646	-2.511928848	-3.484543184
0.35485	388.64597	0.0232	0.002573035815	-3.325330569	-2.887058138	-2.448785707	-3.456812299
0.36486	389.08108	0.02358	0.002570158384	-3.293446552	-2.83953672	-2.385626888	-3.429619502
0.37487	389.50902	0.02394	0.002567334641	-3.262408928	-2.792613277	-2.322817626	-3.403347623
0.38488	389.93027	0.02429	0.002564561094	-3.231752628	-2.745814719	-2.259876811	-3.377534
0.39489	390.34526	0.02463	0.002561834618	-3.201445048	-2.699100028	-2.196755009	-3.352148553
0.4049	390.75441	0.02495	0.002559152179	-3.171855636	-2.652829816	-2.133803996	-3.327563383
0.41491	391.15809	0.02526	0.002556511103	-3.142543565	-2.606553967	-2.07056437	-3.303340444
0.42492	391.55669	0.02556	0.002553908605	-3.113480532	-2.560234415	-2.006988297	-3.279454367
0.43493	391.95053	0.02584	0.002551342385	-3.085025938	-2.514220277	-1.943414615	-3.256267637
0.44494	392.33998	0.0261	0.002548809836	-3.057140902	-2.468461839	-1.879782776	-3.233744621
0.45495	392.72536	0.02635	0.002546308698	-3.029409259	-2.422531513	-1.815653768	-3.211472582
0.46496	393.10696	0.02659	0.002543836924	-3.001806305	-2.376392537	-1.750978768	-3.189430436
0.47497	393.48508	0.0268	0.002541392421	-2.975053516	-2.330753641	-1.686453766	-3.168343479
0.48498	393.85999	0.02702	0.002538973304	-2.947628402	-2.284078858	-1.620529314	-3.146693266
0.49499	394.23198	0.02721	0.002536577575	-2.920993678	-2.23781663	-1.554639582	-3.125946793
0.50501	394.6013	0.02736	0.002534203511	-2.895455468	-2.192237749	-1.48902003	-3.106420783
0.51502	394.96822	0.02751	0.002531849271	-2.869558078	-2.145910452	-1.422262826	-3.086652366
0.52503	395.33298	0.02765	0.002529513222	-2.843625916	-2.099122281	-1.354618647	-3.066977007
0.53504	395.69585	0.02777	0.00252719355	-2.817995079	-2.05219118	-1.286387282	-3.047736249
0.54505	396.05706	0.02787	0.002524888712	-2.792636681	-2.005068925	-1.217501169	-3.028907008
0.55506	396.41688	0.02795	0.002522596919	-2.767522242	-1.957706405	-1.147890567	-3.010466993
0.56507	396.77551	0.02801	0.002520316841	-2.742623509	-1.910053329	-1.077483149	-2.992394563
0.57508	397.13319	0.02806	0.002518046905	-2.717555841	-1.861701478	-1.005847115	-2.97431215
0.58509	397.49019	0.02808	0.002515785358	-2.69300405	-1.8133104	-0.9336167506	-2.956912145
0.5951	397.84675	0.02809	0.00251353065	-2.668226482	-1.764111326	-0.85999617	-2.939461029
0.60511	398.20312	0.02807	0.002511281177	-2.643905855	-1.714757821	-0.785609787	-2.922650265
0.61512	398.55954	0.02804	0.002509035413	-2.619299535	-1.664475854	-0.709652172	-2.90574664
0.62513	398.91627	0.02798	0.002506791713	-2.59508933	-1.61391335	-0.6327373704	-2.889442124
0.63514	399.27357	0.02791	0.002504548448	-2.570528671	-1.56228711	-0.5540455496	-2.873001139
0.64515	399.63171	0.02781	0.002502303934	-2.546299497	-1.510239383	-0.4741792687	-2.857117531
0.65516	399.99096	0.02769	0.002500056501	-2.522009204	-1.457334467	-0.3926597289	-2.841411625
0.66517	400.35163	0.02755	0.002497804243	-2.497620405	-1.403488066	-0.3093557274	-2.825860106
0.67518	400.714	0.02738	0.002495545451	-2.473458363	-1.348974267	-0.2244901704	-2.810803592
0.68519	401.07842	0.02719	0.002493277998	-2.449120024	-1.293334027	-0.1375480301	-2.795855823
0.6952	401.44522	0.02698	0.002490999893	-2.424559973	-1.236460518	-0.04836106269	-2.78098981
0.70521	401.81474	0.02673	0.0024887091	-2.400476708	-1.178984668	0.0425073728	-2.76692432
0.71522	402.1874	0.02647	0.002486403105	-2.375704936	-1.119666609	0.1363717171	-2.752516434
0.72523	402.56359	0.02618	0.002484079596	-2.350938624	-1.059117729	0.2327031662	-2.738484892
0.73524	402.94375	0.02586	0.002481735974	-2.326126382	-0.9971948582	0.3317366656	-2.724805839
0.74525	403.32837	0.02551	0.002479369354	-2.30121214	-0.9337395331	0.4337330738	-2.711453922
0.75526	403.71799	0.02513	0.002476976565	-2.276134071	-0.8685752146	0.5389836418	-2.698401728
0.76527	404.11318	0.02473	0.002474554282	-2.250418836	-0.8010994744	0.6482198872	-2.685214644
0.77528	404.51458	0.02429	0.002472098781	-2.22479044	-0.7318903436	0.7610097526	-2.672660469
0.78529	404.9229	0.02382	0.002469605942	-2.198762716	-0.6602957179	0.8781712806	-2.660302816
0.7953	405.33893	0.02331	0.002467071199	-2.17266304	-0.5864532533	0.999756533	-2.648525976
0.80531	405.76358	0.02277	0.002464489297	-2.14596467	-0.5096179409	1.126728788	-2.636868689
0.81532	406.19783	0.0222	0.002461854609	-2.118532309	-0.4294016274	1.259729054	-2.625271513
0.82533	406.64285	0.02158	0.002459160416	-2.09113152	-0.3462747201	1.398582079	-2.614588559
0.83534	407.09998	0.02092	0.00245639904	-2.063177103	-0.2593045656	1.544567972	-2.604338864
0.84535	407.57076	0.02023	0.002453561683	-2.033997848	-0.1674070681	1.699183712	-2.593975082
0.85536	408.057	0.01948	0.002450638024	-2.004859598	-0.07135221609	1.862155166	-2.584911813
0.86537	408.56088	0.01869	0.002447615641	-1.974541654	0.03068335047	2.035908354	-2.576109155
0.87538	409.08501	0.01785	0.002444479694	-1.943265599	0.139220573	2.221706745	-2.56801145
0.88539	409.63257	0.01695	0.002441212133	-1.911267227	0.2549529918	2.42117321	-2.561133292
0.8954	410.20751	0.01598	0.002437790571	-1.878805611	0.3788061161	2.636417843	-2.556089129
0.90541	410.81493	0.01495	0.002434186119	-1.844840462	0.5133630544	2.871566571	-2.552301517
0.91542	411.46137	0.01384	0.00243036181	-1.810134882	0.6599225651	3.129980012	-2.551152116
0.92543	412.15564	0.01265	0.002426267902	-1.774081066	0.821935931	3.417952928	-2.552886166
0.93544	412.91001	0.01135	0.002421835208	-1.73837728	1.001782975	3.74194323	-2.560425357
0.94545	413.74235	0.00992	0.002416963117	-1.704564791	1.204072776	4.112710342	-2.577156061
0.95546	414.6804	0.00834	0.002411495696	-1.675324445	1.436043172	4.547410789	-2.608734731
0.96547	415.77113	0.00653	0.002405169402	-1.665421568	1.700505199	5.066431967	-2.675199598
0.97548	417.10535	0.00432	0.002397475842	-1.736233709	1.972032459	5.680298627	-2.848713559
0.98549	418.90745	0.00191	0.002387162129	-2.027734825	2.205182387	6.438099599	-3.297609988
0.99499	421.97839	0.000728655	0.0023697896	-1.927990825	3.368328539	8.664647903	-3.516886634
